"Pleasure","Arousal","Label"
"0.0","0.0","2"
"0.0","0.0","2"
"0.8893310289163074","0.6394739263792124","2"
"0.9237640175916075","0.9599391260985657","2"
"0.8073253543201245","0.6127875322198392","2"
"0.8073253543201245","0.6127875322198392","2"
"0.8073253543201245","0.6127875322198392","2"
"0.8073253543201245","0.6127875322198392","2"
"0.8073253543201245","0.6127875322198392","2"
"0.8073253543201245","0.6127875322198392","2"
"0.8073253543201245","0.6127875322198392","2"
"0.8073253543201245","0.6127875322198392","2"
"0.8073253543201245","0.6127875322198392","2"
"0.8073253543201245","0.6127875322198392","2"
"0.8073253543201245","0.6127875322198392","2"
"0.8073253543201245","0.6127875322198392","2"
"0.8073253543201245","0.6127875322198392","2"
"0.8073253543201245","0.6127875322198392","2"
"0.8073253543201245","0.6127875322198392","2"
"0.8073253543201245","0.6127875322198392","2"
"0.8073253543201245","0.6127875322198392","2"
"0.8073253543201245","0.6127875322198392","2"
"0.8073253543201245","0.6127875322198392","2"
"0.8073253543201245","0.6127875322198392","2"
"0.8073253543201245","0.6127875322198392","2"
"0.8073253543201245","0.6127875322198392","2"
"0.8073253543201245","0.6127875322198392","2"
"0.8073253543201245","0.6127875322198392","2"
"0.8073253543201245","0.6127875322198392","2"
"0.8073253543201245","0.6127875322198392","2"
"0.8073253543201245","0.6127875322198392","2"
"0.8073253543201245","0.6127875322198392","2"
"0.8073253543201245","0.6127875322198392","2"
"0.23707808612400794","0.7473034327554622","3"
"0.23707808612400794","0.7473034327554622","3"
"0.2242743230201394","0.9442106739979004","3"
"0.23702071501329705","0.8979092525798114","3"
"0.29577638142659957","0.8055900288389228","3"
"0.29577638142659957","0.8055900288389228","3"
"0.29577638142659957","0.8055900288389228","3"
"0.29577638142659957","0.8055900288389228","3"
"0.29577638142659957","0.8055900288389228","3"
"0.29577638142659957","0.8055900288389228","3"
"0.29577638142659957","0.8055900288389228","3"
"0.29577638142659957","0.8055900288389228","3"
"0.29577638142659957","0.8055900288389228","3"
"0.29577638142659957","0.8055900288389228","3"
"0.29577638142659957","0.8055900288389228","3"
"0.29577638142659957","0.8055900288389228","3"
"0.29577638142659957","0.8055900288389228","3"
"0.29577638142659957","0.8055900288389228","3"
"0.29577638142659957","0.8055900288389228","3"
"0.29577638142659957","0.8055900288389228","3"
"0.29577638142659957","0.8055900288389228","3"
"0.29577638142659957","0.8055900288389228","3"
"0.29577638142659957","0.8055900288389228","3"
"0.29577638142659957","0.8055900288389228","3"
"0.29577638142659957","0.8055900288389228","3"
"0.29577638142659957","0.8055900288389228","3"
"0.29577638142659957","0.8055900288389228","3"
"0.29577638142659957","0.8055900288389228","3"
"0.29577638142659957","0.8055900288389228","3"
"0.29577638142659957","0.8055900288389228","3"
"0.29577638142659957","0.8055900288389228","3"
"0.29577638142659957","0.8055900288389228","3"
"0.29577638142659957","0.8055900288389228","3"
"0.0","0.0","2"
"0.0","0.0","2"
"0.0","0.0","2"
"0.0","0.0","2"
"0.0","0.0","2"
"0.0","0.0","2"
"0.0","0.0","2"
"0.0","0.0","2"
"0.0","0.0","2"
"0.0","0.0","2"
"0.0","0.0","2"
"0.0","0.0","2"
"0.0","0.0","2"
"0.0","0.0","2"
"0.0","0.0","2"
"0.0","0.0","2"
"0.0","0.0","2"
"0.0","0.0","2"
"0.0","0.0","2"
"0.0","0.0","2"
"0.0","0.0","2"
"0.0","0.0","2"
"0.0","0.0","2"
"0.0","0.0","2"
"0.0","0.0","2"
"0.0","0.0","2"
"0.0","0.0","2"
"0.0","0.0","2"
"0.0","0.0","2"
"0.0","0.0","2"
"0.0","0.0","2"
"0.0","0.0","2"
"0.0","0.0","2"
"0.0","0.0","2"
"0.0","0.0","2"
"0.8374634139106706","0.7277214294832497","2"
"0.7477633981014457","0.8876315093652201","2"
"0.5274818221796065","0.6907160057887918","2"
"0.5274818221796065","0.6907160057887918","2"
"0.5274818221796065","0.6907160057887918","2"
"0.5274818221796065","0.6907160057887918","2"
"0.5274818221796065","0.6907160057887918","2"
"0.5274818221796065","0.6907160057887918","2"
"0.5274818221796065","0.6907160057887918","2"
"0.5274818221796065","0.6907160057887918","2"
"0.5274818221796065","0.6907160057887918","2"
"0.5274818221796065","0.6907160057887918","2"
"0.5274818221796065","0.6907160057887918","2"
"0.5274818221796065","0.6907160057887918","2"
"0.5274818221796065","0.6907160057887918","2"
"0.5274818221796065","0.6907160057887918","2"
"0.5274818221796065","0.6907160057887918","2"
"0.5274818221796065","0.6907160057887918","2"
"0.5274818221796065","0.6907160057887918","2"
"0.5274818221796065","0.6907160057887918","2"
"0.5274818221796065","0.6907160057887918","2"
"0.5274818221796065","0.6907160057887918","2"
"0.5274818221796065","0.6907160057887918","2"
"0.5274818221796065","0.6907160057887918","2"
"0.5274818221796065","0.6907160057887918","2"
"0.5274818221796065","0.6907160057887918","2"
"0.5274818221796065","0.6907160057887918","2"
"0.5274818221796065","0.6907160057887918","2"
"0.5274818221796065","0.6907160057887918","2"
"0.5274818221796065","0.6907160057887918","2"
"0.5274818221796065","0.6907160057887918","2"
"0.8663730032464888","0.9101594831970115","2"
"0.8663730032464888","0.9101594831970115","2"
"0.9164202653898272","0.9247324047197647","2"
"0.5402342577548849","0.730463375804511","2"
"0.785943825259476","0.7563434516624341","2"
"0.785943825259476","0.7563434516624341","2"
"0.785943825259476","0.7563434516624341","2"
"0.785943825259476","0.7563434516624341","2"
"0.785943825259476","0.7563434516624341","2"
"0.785943825259476","0.7563434516624341","2"
"0.785943825259476","0.7563434516624341","2"
"0.785943825259476","0.7563434516624341","2"
"0.785943825259476","0.7563434516624341","2"
"0.785943825259476","0.7563434516624341","2"
"0.785943825259476","0.7563434516624341","2"
"0.785943825259476","0.7563434516624341","2"
"0.785943825259476","0.7563434516624341","2"
"0.785943825259476","0.7563434516624341","2"
"0.785943825259476","0.7563434516624341","2"
"0.785943825259476","0.7563434516624341","2"
"0.785943825259476","0.7563434516624341","2"
"0.785943825259476","0.7563434516624341","2"
"0.785943825259476","0.7563434516624341","2"
"0.785943825259476","0.7563434516624341","2"
"0.785943825259476","0.7563434516624341","2"
"0.785943825259476","0.7563434516624341","2"
"0.785943825259476","0.7563434516624341","2"
"0.785943825259476","0.7563434516624341","2"
"0.785943825259476","0.7563434516624341","2"
"0.785943825259476","0.7563434516624341","2"
"0.785943825259476","0.7563434516624341","2"
"0.785943825259476","0.7563434516624341","2"
"0.785943825259476","0.7563434516624341","2"
"0.26953176124211387","0.9304730910215144","3"
"0.26953176124211387","0.9304730910215144","3"
"0.16411061062030557","0.5326975257636143","3"
"0.23960946457726848","0.7657960978353415","3"
"0.2528466188635517","0.6420688079589214","3"
"0.2528466188635517","0.6420688079589214","3"
"0.2528466188635517","0.6420688079589214","3"
"0.2528466188635517","0.6420688079589214","3"
"0.2528466188635517","0.6420688079589214","3"
"0.2528466188635517","0.6420688079589214","3"
"0.2528466188635517","0.6420688079589214","3"
"0.2528466188635517","0.6420688079589214","3"
"0.2528466188635517","0.6420688079589214","3"
"0.2528466188635517","0.6420688079589214","3"
"0.2528466188635517","0.6420688079589214","3"
"0.2528466188635517","0.6420688079589214","3"
"0.2528466188635517","0.6420688079589214","3"
"0.2528466188635517","0.6420688079589214","3"
"0.2528466188635517","0.6420688079589214","3"
"0.2528466188635517","0.6420688079589214","3"
"0.2528466188635517","0.6420688079589214","3"
"0.2528466188635517","0.6420688079589214","3"
"0.2528466188635517","0.6420688079589214","3"
"0.2528466188635517","0.6420688079589214","3"
"0.2528466188635517","0.6420688079589214","3"
"0.2528466188635517","0.6420688079589214","3"
"0.2528466188635517","0.6420688079589214","3"
"0.2528466188635517","0.6420688079589214","3"
"0.2528466188635517","0.6420688079589214","3"
"0.2528466188635517","0.6420688079589214","3"
"0.2528466188635517","0.6420688079589214","3"
"0.2528466188635517","0.6420688079589214","3"
"0.2528466188635517","0.6420688079589214","3"
"0.2528466188635517","0.6420688079589214","3"
"0.6830199239572476","0.6158337718752123","2"
"0.6830199239572476","0.6158337718752123","2"
"0.0","0.0","2"
"0.0","0.0","2"
"0.0","0.0","2"
"0.0","0.0","2"
"0.0","0.0","2"
"0.0","0.0","2"
"0.0","0.0","2"
"0.0","0.0","2"
"0.0","0.0","2"
"0.0","0.0","2"
"0.0","0.0","2"
"0.0","0.0","2"
"0.0","0.0","2"
"0.0","0.0","2"
"0.0","0.0","2"
"0.0","0.0","2"
"0.0","0.0","2"
"0.0","0.0","2"
"0.0","0.0","2"
"0.0","0.0","2"
"0.0","0.0","2"
"0.0","0.0","2"
"0.0","0.0","2"
"0.0","0.0","2"
"0.0","0.0","2"
"0.0","0.0","2"
"0.0","0.0","2"
"0.0","0.0","2"
"0.0","0.0","2"
"0.0","0.0","2"
"0.0","0.0","2"
"0.0","0.0","2"
"0.0","0.0","2"
"0.0","0.0","2"
"0.9128840448034269","0.7548151867523134","2"
"0.9062607667846054","0.9455216927068897","2"
"0.6279333961782028","0.8768075497209288","2"
"0.6279333961782028","0.8768075497209288","2"
"0.6279333961782028","0.8768075497209288","2"
"0.6279333961782028","0.8768075497209288","2"
"0.6279333961782028","0.8768075497209288","2"
"0.6279333961782028","0.8768075497209288","2"
"0.6279333961782028","0.8768075497209288","2"
"0.6279333961782028","0.8768075497209288","2"
"0.6279333961782028","0.8768075497209288","2"
"0.6279333961782028","0.8768075497209288","2"
"0.6279333961782028","0.8768075497209288","2"
"0.6279333961782028","0.8768075497209288","2"
"0.6279333961782028","0.8768075497209288","2"
"0.6279333961782028","0.8768075497209288","2"
"0.6279333961782028","0.8768075497209288","2"
"0.6279333961782028","0.8768075497209288","2"
"0.6279333961782028","0.8768075497209288","2"
"0.6279333961782028","0.8768075497209288","2"
"0.6279333961782028","0.8768075497209288","2"
"0.6279333961782028","0.8768075497209288","2"
"0.6279333961782028","0.8768075497209288","2"
"0.6279333961782028","0.8768075497209288","2"
"0.6279333961782028","0.8768075497209288","2"
"0.6279333961782028","0.8768075497209288","2"
"0.6279333961782028","0.8768075497209288","2"
"0.6279333961782028","0.8768075497209288","2"
"0.6279333961782028","0.8768075497209288","2"
"0.6279333961782028","0.8768075497209288","2"
"0.6279333961782028","0.8768075497209288","2"
"0.6279333961782028","0.8768075497209288","2"
"0.23681935396540335","0.611020989508767","3"
"0.23681935396540335","0.611020989508767","3"
"0.2514251186799003","0.6869449921853974","3"
"0.2630200415122975","0.9889210370038256","3"
"0.2606364397835308","0.5918827985759393","3"
"0.2606364397835308","0.5918827985759393","3"
"0.2606364397835308","0.5918827985759393","3"
"0.2606364397835308","0.5918827985759393","3"
"0.2606364397835308","0.5918827985759393","3"
"0.2606364397835308","0.5918827985759393","3"
"0.2606364397835308","0.5918827985759393","3"
"0.2606364397835308","0.5918827985759393","3"
"0.2606364397835308","0.5918827985759393","3"
"0.2606364397835308","0.5918827985759393","3"
"0.2606364397835308","0.5918827985759393","3"
"0.2606364397835308","0.5918827985759393","3"
"0.2606364397835308","0.5918827985759393","3"
"0.2606364397835308","0.5918827985759393","3"
"0.2606364397835308","0.5918827985759393","3"
"0.2606364397835308","0.5918827985759393","3"
"0.2606364397835308","0.5918827985759393","3"
"0.2606364397835308","0.5918827985759393","3"
"0.2606364397835308","0.5918827985759393","3"
"0.2606364397835308","0.5918827985759393","3"
"0.2606364397835308","0.5918827985759393","3"
"0.2606364397835308","0.5918827985759393","3"
"0.2606364397835308","0.5918827985759393","3"
"0.2606364397835308","0.5918827985759393","3"
"0.2606364397835308","0.5918827985759393","3"
"0.2606364397835308","0.5918827985759393","3"
"0.2606364397835308","0.5918827985759393","3"
"0.2606364397835308","0.5918827985759393","3"
"0.2606364397835308","0.5918827985759393","3"
"0.2606364397835308","0.5918827985759393","3"
"0.0","0.0","2"
"0.0","0.0","2"
"0.0","0.0","2"
"0.0","0.0","2"
"0.0","0.0","2"
"0.0","0.0","2"
"0.0","0.0","2"
"0.0","0.0","2"
"0.0","0.0","2"
"0.0","0.0","2"
"0.0","0.0","2"
"0.0","0.0","2"
"0.0","0.0","2"
"0.0","0.0","2"
"0.0","0.0","2"
"0.0","0.0","2"
"0.0","0.0","2"
"0.0","0.0","2"
"0.0","0.0","2"
"0.0","0.0","2"
"0.0","0.0","2"
"0.0","0.0","2"
"0.0","0.0","2"
"0.0","0.0","2"
"0.0","0.0","2"
"0.0","0.0","2"
"0.0","0.0","2"
"0.0","0.0","2"
"0.0","0.0","2"
"0.0","0.0","2"
"0.0","0.0","2"
"0.0","0.0","2"
"0.0","0.0","2"
"0.0","0.0","2"
"0.2998358591562651","0.5752323626099242","3"
"0.2998358591562651","0.5752323626099242","3"
"0.19894427314440177","0.805061822525527","3"
"0.19115990098836444","0.5320479350405298","3"
"0.2132135960203625","0.9320033825123533","3"
"0.2132135960203625","0.9320033825123533","3"
"0.2132135960203625","0.9320033825123533","3"
"0.2132135960203625","0.9320033825123533","3"
"0.2132135960203625","0.9320033825123533","3"
"0.2132135960203625","0.9320033825123533","3"
"0.2132135960203625","0.9320033825123533","3"
"0.2132135960203625","0.9320033825123533","3"
"0.2132135960203625","0.9320033825123533","3"
"0.2132135960203625","0.9320033825123533","3"
"0.2132135960203625","0.9320033825123533","3"
"0.2132135960203625","0.9320033825123533","3"
"0.2132135960203625","0.9320033825123533","3"
"0.2132135960203625","0.9320033825123533","3"
"0.2132135960203625","0.9320033825123533","3"
"0.2132135960203625","0.9320033825123533","3"
"0.2132135960203625","0.9320033825123533","3"
"0.2132135960203625","0.9320033825123533","3"
"0.2132135960203625","0.9320033825123533","3"
"0.2132135960203625","0.9320033825123533","3"
"0.2132135960203625","0.9320033825123533","3"
"0.2132135960203625","0.9320033825123533","3"
"0.2132135960203625","0.9320033825123533","3"
"0.2132135960203625","0.9320033825123533","3"
"0.2132135960203625","0.9320033825123533","3"
"0.2132135960203625","0.9320033825123533","3"
"0.2132135960203625","0.9320033825123533","3"
"0.2132135960203625","0.9320033825123533","3"
"0.2132135960203625","0.9320033825123533","3"
"0.2132135960203625","0.9320033825123533","3"
"0.7925339307755679","0.846911811630949","2"
"0.7925339307755679","0.846911811630949","2"
"0.0","0.0","2"
"0.0","0.0","2"
"0.0","0.0","2"
"0.0","0.0","2"
"0.0","0.0","2"
"0.0","0.0","2"
"0.0","0.0","2"
"0.0","0.0","2"
"0.0","0.0","2"
"0.0","0.0","2"
"0.0","0.0","2"
"0.0","0.0","2"
"0.0","0.0","2"
"0.0","0.0","2"
"0.0","0.0","2"
"0.0","0.0","2"
"0.0","0.0","2"
"0.0","0.0","2"
"0.0","0.0","2"
"0.0","0.0","2"
"0.0","0.0","2"
"0.0","0.0","2"
"0.0","0.0","2"
"0.0","0.0","2"
"0.0","0.0","2"
"0.0","0.0","2"
"0.0","0.0","2"
"0.0","0.0","2"
"0.0","0.0","2"
"0.0","0.0","2"
"0.0","0.0","2"
"0.0","0.0","2"
"0.26926013132397286","0.7216250486356992","3"
"0.26926013132397286","0.7216250486356992","3"
"0.2873952762936781","0.6105789401256665","3"
"0.20116801352532174","0.7987821849350396","3"
"0.1250663639589536","0.8985825078142409","3"
"0.1250663639589536","0.8985825078142409","3"
"0.1250663639589536","0.8985825078142409","3"
"0.1250663639589536","0.8985825078142409","3"
"0.1250663639589536","0.8985825078142409","3"
"0.1250663639589536","0.8985825078142409","3"
"0.1250663639589536","0.8985825078142409","3"
"0.1250663639589536","0.8985825078142409","3"
"0.1250663639589536","0.8985825078142409","3"
"0.1250663639589536","0.8985825078142409","3"
"0.1250663639589536","0.8985825078142409","3"
"0.1250663639589536","0.8985825078142409","3"
"0.1250663639589536","0.8985825078142409","3"
"0.1250663639589536","0.8985825078142409","3"
"0.1250663639589536","0.8985825078142409","3"
"0.1250663639589536","0.8985825078142409","3"
"0.1250663639589536","0.8985825078142409","3"
"0.1250663639589536","0.8985825078142409","3"
"0.1250663639589536","0.8985825078142409","3"
"0.1250663639589536","0.8985825078142409","3"
"0.1250663639589536","0.8985825078142409","3"
"0.1250663639589536","0.8985825078142409","3"
"0.1250663639589536","0.8985825078142409","3"
"0.1250663639589536","0.8985825078142409","3"
"0.1250663639589536","0.8985825078142409","3"
"0.1250663639589536","0.8985825078142409","3"
"0.1250663639589536","0.8985825078142409","3"
"0.1250663639589536","0.8985825078142409","3"
"0.1250663639589536","0.8985825078142409","3"
"0.1250663639589536","0.8985825078142409","3"
"0.5294842237272591","0.8251833419866366","2"
"0.5294842237272591","0.8251833419866366","2"
"0.5853151176525013","0.486097970011208","1"
"0.8920008940335376","0.17108653745413138","1"
"0.0","0.0","2"
"0.0","0.0","2"
"0.0","0.0","2"
"0.0","0.0","2"
"0.0","0.0","2"
"0.0","0.0","2"
"0.0","0.0","2"
"0.0","0.0","2"
"0.0","0.0","2"
"0.0","0.0","2"
"0.0","0.0","2"
"0.0","0.0","2"
"0.0","0.0","2"
"0.0","0.0","2"
"0.0","0.0","2"
"0.0","0.0","2"
"0.0","0.0","2"
"0.0","0.0","2"
"0.0","0.0","2"
"0.0","0.0","2"
"0.0","0.0","2"
"0.0","0.0","2"
"0.0","0.0","2"
"0.0","0.0","2"
"0.0","0.0","2"
"0.0","0.0","2"
"0.0","0.0","2"
"0.0","0.0","2"
"0.0","0.0","2"
"0.0","0.0","2"
"0.2788847052180063","0.9905453438596565","3"
"0.2788847052180063","0.9905453438596565","3"
"0.15154909970198227","0.8264258423102877","3"
"0.22693410568976502","0.7839683168180167","3"
"0.1767676430475779","0.5175634624631713","3"
"0.1767676430475779","0.5175634624631713","3"
"0.1767676430475779","0.5175634624631713","3"
"0.1767676430475779","0.5175634624631713","3"
"0.1767676430475779","0.5175634624631713","3"
"0.1767676430475779","0.5175634624631713","3"
"0.1767676430475779","0.5175634624631713","3"
"0.1767676430475779","0.5175634624631713","3"
"0.1767676430475779","0.5175634624631713","3"
"0.1767676430475779","0.5175634624631713","3"
"0.1767676430475779","0.5175634624631713","3"
"0.1767676430475779","0.5175634624631713","3"
"0.1767676430475779","0.5175634624631713","3"
"0.1767676430475779","0.5175634624631713","3"
"0.1767676430475779","0.5175634624631713","3"
"0.1767676430475779","0.5175634624631713","3"
"0.1767676430475779","0.5175634624631713","3"
"0.1767676430475779","0.5175634624631713","3"
"0.1767676430475779","0.5175634624631713","3"
"0.1767676430475779","0.5175634624631713","3"
"0.1767676430475779","0.5175634624631713","3"
"0.1767676430475779","0.5175634624631713","3"
"0.1767676430475779","0.5175634624631713","3"
"0.1767676430475779","0.5175634624631713","3"
"0.1767676430475779","0.5175634624631713","3"
"0.1767676430475779","0.5175634624631713","3"
"0.1767676430475779","0.5175634624631713","3"
"0.1767676430475779","0.5175634624631713","3"
"0.1767676430475779","0.5175634624631713","3"
"0.1767676430475779","0.5175634624631713","3"
"0.22746992468551544","0.9072471668048754","3"
"0.22746992468551544","0.9072471668048754","3"
"0.1287464169684444","0.8406162527914711","3"
"0.11211984333706063","0.70673962016281","3"
"0.15811994925311149","0.7458497607672201","3"
"0.15811994925311149","0.7458497607672201","3"
"0.15811994925311149","0.7458497607672201","3"
"0.15811994925311149","0.7458497607672201","3"
"0.15811994925311149","0.7458497607672201","3"
"0.15811994925311149","0.7458497607672201","3"
"0.15811994925311149","0.7458497607672201","3"
"0.15811994925311149","0.7458497607672201","3"
"0.15811994925311149","0.7458497607672201","3"
"0.15811994925311149","0.7458497607672201","3"
"0.15811994925311149","0.7458497607672201","3"
"0.15811994925311149","0.7458497607672201","3"
"0.15811994925311149","0.7458497607672201","3"
"0.15811994925311149","0.7458497607672201","3"
"0.15811994925311149","0.7458497607672201","3"
"0.15811994925311149","0.7458497607672201","3"
"0.15811994925311149","0.7458497607672201","3"
"0.15811994925311149","0.7458497607672201","3"
"0.15811994925311149","0.7458497607672201","3"
"0.15811994925311149","0.7458497607672201","3"
"0.15811994925311149","0.7458497607672201","3"
"0.15811994925311149","0.7458497607672201","3"
"0.15811994925311149","0.7458497607672201","3"
"0.15811994925311149","0.7458497607672201","3"
"0.15811994925311149","0.7458497607672201","3"
"0.15811994925311149","0.7458497607672201","3"
"0.15811994925311149","0.7458497607672201","3"
"0.15811994925311149","0.7458497607672201","3"
"0.15811994925311149","0.7458497607672201","3"
"0.15811994925311149","0.7458497607672201","3"
"0.21752184390394566","0.7225424910608136","3"
"0.21752184390394566","0.7225424910608136","3"
"0.2677017024253202","0.8404985373068362","3"
"0.15478108989947337","0.843315866054407","3"
"0.1436190419305061","0.8383062783559386","3"
"0.1436190419305061","0.8383062783559386","3"
"0.1436190419305061","0.8383062783559386","3"
"0.1436190419305061","0.8383062783559386","3"
"0.1436190419305061","0.8383062783559386","3"
"0.1436190419305061","0.8383062783559386","3"
"0.1436190419305061","0.8383062783559386","3"
"0.1436190419305061","0.8383062783559386","3"
"0.1436190419305061","0.8383062783559386","3"
"0.1436190419305061","0.8383062783559386","3"
"0.1436190419305061","0.8383062783559386","3"
"0.1436190419305061","0.8383062783559386","3"
"0.1436190419305061","0.8383062783559386","3"
"0.1436190419305061","0.8383062783559386","3"
"0.1436190419305061","0.8383062783559386","3"
"0.1436190419305061","0.8383062783559386","3"
"0.1436190419305061","0.8383062783559386","3"
"0.1436190419305061","0.8383062783559386","3"
"0.1436190419305061","0.8383062783559386","3"
"0.1436190419305061","0.8383062783559386","3"
"0.1436190419305061","0.8383062783559386","3"
"0.1436190419305061","0.8383062783559386","3"
"0.1436190419305061","0.8383062783559386","3"
"0.1436190419305061","0.8383062783559386","3"
"0.1436190419305061","0.8383062783559386","3"
"0.1436190419305061","0.8383062783559386","3"
"0.1436190419305061","0.8383062783559386","3"
"0.1436190419305061","0.8383062783559386","3"
"0.1436190419305061","0.8383062783559386","3"
"0.1436190419305061","0.8383062783559386","3"
"0.14622091756990835","0.6765460545878964","3"
"0.14622091756990835","0.6765460545878964","3"
"0.2913078752232514","0.6646030363746592","3"
"0.2023315425992654","0.5174488813874039","3"
"0.20530197690464863","0.692390300391496","3"
"0.20530197690464863","0.692390300391496","3"
"0.20530197690464863","0.692390300391496","3"
"0.20530197690464863","0.692390300391496","3"
"0.20530197690464863","0.692390300391496","3"
"0.20530197690464863","0.692390300391496","3"
"0.20530197690464863","0.692390300391496","3"
"0.20530197690464863","0.692390300391496","3"
"0.20530197690464863","0.692390300391496","3"
"0.20530197690464863","0.692390300391496","3"
"0.20530197690464863","0.692390300391496","3"
"0.20530197690464863","0.692390300391496","3"
"0.20530197690464863","0.692390300391496","3"
"0.20530197690464863","0.692390300391496","3"
"0.20530197690464863","0.692390300391496","3"
"0.20530197690464863","0.692390300391496","3"
"0.20530197690464863","0.692390300391496","3"
"0.20530197690464863","0.692390300391496","3"
"0.20530197690464863","0.692390300391496","3"
"0.20530197690464863","0.692390300391496","3"
"0.20530197690464863","0.692390300391496","3"
"0.20530197690464863","0.692390300391496","3"
"0.20530197690464863","0.692390300391496","3"
"0.20530197690464863","0.692390300391496","3"
"0.20530197690464863","0.692390300391496","3"
"0.20530197690464863","0.692390300391496","3"
"0.20530197690464863","0.692390300391496","3"
"0.20530197690464863","0.692390300391496","3"
"0.20530197690464863","0.692390300391496","3"
"0.20530197690464863","0.692390300391496","3"
"0.1846792178001853","0.6816246669396929","3"
"0.1846792178001853","0.6816246669396929","3"
"0.22727617522569102","0.8857268331338932","3"
"0.23470720145212906","0.5309459027019159","3"
"0.2988316813324923","0.9811582459722988","3"
"0.2988316813324923","0.9811582459722988","3"
"0.2988316813324923","0.9811582459722988","3"
"0.2988316813324923","0.9811582459722988","3"
"0.2988316813324923","0.9811582459722988","3"
"0.2988316813324923","0.9811582459722988","3"
"0.2988316813324923","0.9811582459722988","3"
"0.2988316813324923","0.9811582459722988","3"
"0.2988316813324923","0.9811582459722988","3"
"0.2988316813324923","0.9811582459722988","3"
"0.2988316813324923","0.9811582459722988","3"
"0.2988316813324923","0.9811582459722988","3"
"0.2988316813324923","0.9811582459722988","3"
"0.2988316813324923","0.9811582459722988","3"
"0.2988316813324923","0.9811582459722988","3"
"0.2988316813324923","0.9811582459722988","3"
"0.2988316813324923","0.9811582459722988","3"
"0.2988316813324923","0.9811582459722988","3"
"0.2988316813324923","0.9811582459722988","3"
"0.2988316813324923","0.9811582459722988","3"
"0.2988316813324923","0.9811582459722988","3"
"0.2988316813324923","0.9811582459722988","3"
"0.2988316813324923","0.9811582459722988","3"
"0.2988316813324923","0.9811582459722988","3"
"0.2988316813324923","0.9811582459722988","3"
"0.2988316813324923","0.9811582459722988","3"
"0.2988316813324923","0.9811582459722988","3"
"0.2988316813324923","0.9811582459722988","3"
"0.2988316813324923","0.9811582459722988","3"
"0.2988316813324923","0.9811582459722988","3"
"0.28792747770015736","0.9383114423766215","3"
"0.28792747770015736","0.9383114423766215","3"
"0.11198601919365003","0.7635777497406703","3"
"0.290594455149225","0.9520399851895414","3"
"0.17597404493069832","0.6614516981529843","3"
"0.17597404493069832","0.6614516981529843","3"
"0.17597404493069832","0.6614516981529843","3"
"0.17597404493069832","0.6614516981529843","3"
"0.17597404493069832","0.6614516981529843","3"
"0.17597404493069832","0.6614516981529843","3"
"0.17597404493069832","0.6614516981529843","3"
"0.17597404493069832","0.6614516981529843","3"
"0.17597404493069832","0.6614516981529843","3"
"0.17597404493069832","0.6614516981529843","3"
"0.17597404493069832","0.6614516981529843","3"
"0.17597404493069832","0.6614516981529843","3"
"0.17597404493069832","0.6614516981529843","3"
"0.17597404493069832","0.6614516981529843","3"
"0.17597404493069832","0.6614516981529843","3"
"0.17597404493069832","0.6614516981529843","3"
"0.17597404493069832","0.6614516981529843","3"
"0.17597404493069832","0.6614516981529843","3"
"0.17597404493069832","0.6614516981529843","3"
"0.17597404493069832","0.6614516981529843","3"
"0.17597404493069832","0.6614516981529843","3"
"0.17597404493069832","0.6614516981529843","3"
"0.17597404493069832","0.6614516981529843","3"
"0.17597404493069832","0.6614516981529843","3"
"0.17597404493069832","0.6614516981529843","3"
"0.17597404493069832","0.6614516981529843","3"
"0.17597404493069832","0.6614516981529843","3"
"0.17597404493069832","0.6614516981529843","3"
"0.17597404493069832","0.6614516981529843","3"
"0.17597404493069832","0.6614516981529843","3"
"0.2121082470088302","0.9510978077646117","3"
"0.2121082470088302","0.9510978077646117","3"
"0.1930317880539146","0.7219079777600071","3"
"0.17424037466747605","0.9970101012134456","3"
"0.25448492321828975","0.8038652903232268","3"
"0.25448492321828975","0.8038652903232268","3"
"0.25448492321828975","0.8038652903232268","3"
"0.25448492321828975","0.8038652903232268","3"
"0.25448492321828975","0.8038652903232268","3"
"0.25448492321828975","0.8038652903232268","3"
"0.25448492321828975","0.8038652903232268","3"
"0.25448492321828975","0.8038652903232268","3"
"0.25448492321828975","0.8038652903232268","3"
"0.25448492321828975","0.8038652903232268","3"
"0.25448492321828975","0.8038652903232268","3"
"0.25448492321828975","0.8038652903232268","3"
"0.25448492321828975","0.8038652903232268","3"
"0.25448492321828975","0.8038652903232268","3"
"0.25448492321828975","0.8038652903232268","3"
"0.25448492321828975","0.8038652903232268","3"
"0.25448492321828975","0.8038652903232268","3"
"0.25448492321828975","0.8038652903232268","3"
"0.25448492321828975","0.8038652903232268","3"
"0.25448492321828975","0.8038652903232268","3"
"0.25448492321828975","0.8038652903232268","3"
"0.25448492321828975","0.8038652903232268","3"
"0.25448492321828975","0.8038652903232268","3"
"0.25448492321828975","0.8038652903232268","3"
"0.25448492321828975","0.8038652903232268","3"
"0.25448492321828975","0.8038652903232268","3"
"0.25448492321828975","0.8038652903232268","3"
"0.25448492321828975","0.8038652903232268","3"
"0.25448492321828975","0.8038652903232268","3"
"0.25448492321828975","0.8038652903232268","3"
"0.19316379904460973","0.8901819074825564","3"
"0.19316379904460973","0.8901819074825564","3"
"0.1499042527833769","0.7597713528645729","3"
"0.23064976324820166","0.6406223547541352","3"
"0.27096531691440434","0.9854721525835928","3"
"0.27096531691440434","0.9854721525835928","3"
"0.27096531691440434","0.9854721525835928","3"
"0.27096531691440434","0.9854721525835928","3"
"0.27096531691440434","0.9854721525835928","3"
"0.27096531691440434","0.9854721525835928","3"
"0.27096531691440434","0.9854721525835928","3"
"0.27096531691440434","0.9854721525835928","3"
"0.27096531691440434","0.9854721525835928","3"
"0.27096531691440434","0.9854721525835928","3"
"0.27096531691440434","0.9854721525835928","3"
"0.27096531691440434","0.9854721525835928","3"
"0.27096531691440434","0.9854721525835928","3"
"0.27096531691440434","0.9854721525835928","3"
"0.27096531691440434","0.9854721525835928","3"
"0.27096531691440434","0.9854721525835928","3"
"0.27096531691440434","0.9854721525835928","3"
"0.27096531691440434","0.9854721525835928","3"
"0.27096531691440434","0.9854721525835928","3"
"0.27096531691440434","0.9854721525835928","3"
"0.27096531691440434","0.9854721525835928","3"
"0.27096531691440434","0.9854721525835928","3"
"0.27096531691440434","0.9854721525835928","3"
"0.27096531691440434","0.9854721525835928","3"
"0.27096531691440434","0.9854721525835928","3"
"0.27096531691440434","0.9854721525835928","3"
"0.27096531691440434","0.9854721525835928","3"
"0.27096531691440434","0.9854721525835928","3"
"0.27096531691440434","0.9854721525835928","3"
"0.27096531691440434","0.9854721525835928","3"
"0.21587671091848631","0.948125016837539","3"
"0.21587671091848631","0.948125016837539","3"
"0.15595004544356283","0.8210276148466014","3"
"0.23098244348080638","0.9842667979409954","3"
"0.10337295988636397","0.6397017475169711","3"
"0.10337295988636397","0.6397017475169711","3"
"0.10337295988636397","0.6397017475169711","3"
"0.10337295988636397","0.6397017475169711","3"
"0.10337295988636397","0.6397017475169711","3"
"0.10337295988636397","0.6397017475169711","3"
"0.10337295988636397","0.6397017475169711","3"
"0.10337295988636397","0.6397017475169711","3"
"0.10337295988636397","0.6397017475169711","3"
"0.10337295988636397","0.6397017475169711","3"
"0.10337295988636397","0.6397017475169711","3"
"0.10337295988636397","0.6397017475169711","3"
"0.10337295988636397","0.6397017475169711","3"
"0.10337295988636397","0.6397017475169711","3"
"0.10337295988636397","0.6397017475169711","3"
"0.10337295988636397","0.6397017475169711","3"
"0.10337295988636397","0.6397017475169711","3"
"0.10337295988636397","0.6397017475169711","3"
"0.10337295988636397","0.6397017475169711","3"
"0.10337295988636397","0.6397017475169711","3"
"0.10337295988636397","0.6397017475169711","3"
"0.10337295988636397","0.6397017475169711","3"
"0.10337295988636397","0.6397017475169711","3"
"0.10337295988636397","0.6397017475169711","3"
"0.10337295988636397","0.6397017475169711","3"
"0.10337295988636397","0.6397017475169711","3"
"0.10337295988636397","0.6397017475169711","3"
"0.10337295988636397","0.6397017475169711","3"
"0.10337295988636397","0.6397017475169711","3"
"0.10337295988636397","0.6397017475169711","3"
"0.24038561174118314","0.6103155103673493","3"
"0.24038561174118314","0.6103155103673493","3"
"0.10741662052626551","0.6230929675422865","3"
"0.15042064428836818","0.6877772987240403","3"
"0.11961360413394435","0.7122545619213885","3"
"0.11961360413394435","0.7122545619213885","3"
"0.11961360413394435","0.7122545619213885","3"
"0.11961360413394435","0.7122545619213885","3"
"0.11961360413394435","0.7122545619213885","3"
"0.11961360413394435","0.7122545619213885","3"
"0.11961360413394435","0.7122545619213885","3"
"0.11961360413394435","0.7122545619213885","3"
"0.11961360413394435","0.7122545619213885","3"
"0.11961360413394435","0.7122545619213885","3"
"0.11961360413394435","0.7122545619213885","3"
"0.11961360413394435","0.7122545619213885","3"
"0.11961360413394435","0.7122545619213885","3"
"0.11961360413394435","0.7122545619213885","3"
"0.11961360413394435","0.7122545619213885","3"
"0.11961360413394435","0.7122545619213885","3"
"0.11961360413394435","0.7122545619213885","3"
"0.11961360413394435","0.7122545619213885","3"
"0.11961360413394435","0.7122545619213885","3"
"0.11961360413394435","0.7122545619213885","3"
"0.11961360413394435","0.7122545619213885","3"
"0.11961360413394435","0.7122545619213885","3"
"0.11961360413394435","0.7122545619213885","3"
"0.11961360413394435","0.7122545619213885","3"
"0.11961360413394435","0.7122545619213885","3"
"0.11961360413394435","0.7122545619213885","3"
"0.11961360413394435","0.7122545619213885","3"
"0.11961360413394435","0.7122545619213885","3"
"0.11961360413394435","0.7122545619213885","3"
"0.11961360413394435","0.7122545619213885","3"
"0.27070688652693464","0.6771368046090604","3"
"0.27070688652693464","0.6771368046090604","3"
"0.1154607944935643","0.5275985309597993","3"
"0.28536984402415166","0.5174673986423012","3"
"0.13594548702343726","0.9488904242654301","3"
"0.13594548702343726","0.9488904242654301","3"
"0.13594548702343726","0.9488904242654301","3"
"0.13594548702343726","0.9488904242654301","3"
"0.13594548702343726","0.9488904242654301","3"
"0.13594548702343726","0.9488904242654301","3"
"0.13594548702343726","0.9488904242654301","3"
"0.13594548702343726","0.9488904242654301","3"
"0.13594548702343726","0.9488904242654301","3"
"0.13594548702343726","0.9488904242654301","3"
"0.13594548702343726","0.9488904242654301","3"
"0.13594548702343726","0.9488904242654301","3"
"0.13594548702343726","0.9488904242654301","3"
"0.13594548702343726","0.9488904242654301","3"
"0.13594548702343726","0.9488904242654301","3"
"0.13594548702343726","0.9488904242654301","3"
"0.13594548702343726","0.9488904242654301","3"
"0.13594548702343726","0.9488904242654301","3"
"0.13594548702343726","0.9488904242654301","3"
"0.13594548702343726","0.9488904242654301","3"
"0.13594548702343726","0.9488904242654301","3"
"0.13594548702343726","0.9488904242654301","3"
"0.13594548702343726","0.9488904242654301","3"
"0.13594548702343726","0.9488904242654301","3"
"0.13594548702343726","0.9488904242654301","3"
"0.13594548702343726","0.9488904242654301","3"
"0.13594548702343726","0.9488904242654301","3"
"0.13594548702343726","0.9488904242654301","3"
"0.13594548702343726","0.9488904242654301","3"
"0.13594548702343726","0.9488904242654301","3"
"0.2911772210164347","0.7072755821611738","3"
"0.2911772210164347","0.7072755821611738","3"
"0.27062879824864017","0.7220109587531669","3"
"0.2732650331167963","0.5851730615313637","3"
"0.195721696223555","0.7471671581815105","3"
"0.195721696223555","0.7471671581815105","3"
"0.195721696223555","0.7471671581815105","3"
"0.195721696223555","0.7471671581815105","3"
"0.195721696223555","0.7471671581815105","3"
"0.195721696223555","0.7471671581815105","3"
"0.195721696223555","0.7471671581815105","3"
"0.195721696223555","0.7471671581815105","3"
"0.195721696223555","0.7471671581815105","3"
"0.195721696223555","0.7471671581815105","3"
"0.195721696223555","0.7471671581815105","3"
"0.195721696223555","0.7471671581815105","3"
"0.195721696223555","0.7471671581815105","3"
"0.195721696223555","0.7471671581815105","3"
"0.195721696223555","0.7471671581815105","3"
"0.195721696223555","0.7471671581815105","3"
"0.195721696223555","0.7471671581815105","3"
"0.195721696223555","0.7471671581815105","3"
"0.195721696223555","0.7471671581815105","3"
"0.195721696223555","0.7471671581815105","3"
"0.195721696223555","0.7471671581815105","3"
"0.195721696223555","0.7471671581815105","3"
"0.195721696223555","0.7471671581815105","3"
"0.195721696223555","0.7471671581815105","3"
"0.195721696223555","0.7471671581815105","3"
"0.195721696223555","0.7471671581815105","3"
"0.195721696223555","0.7471671581815105","3"
"0.195721696223555","0.7471671581815105","3"
"0.195721696223555","0.7471671581815105","3"
"0.195721696223555","0.7471671581815105","3"
"0.29701527509295333","0.758032757257291","3"
"0.29701527509295333","0.758032757257291","3"
"0.11632991808457871","0.9051361059693255","3"
"0.20121040080891314","0.8739851593933183","3"
"0.280505607381033","0.6199651916477391","3"
"0.280505607381033","0.6199651916477391","3"
"0.280505607381033","0.6199651916477391","3"
"0.280505607381033","0.6199651916477391","3"
"0.280505607381033","0.6199651916477391","3"
"0.280505607381033","0.6199651916477391","3"
"0.280505607381033","0.6199651916477391","3"
"0.280505607381033","0.6199651916477391","3"
"0.280505607381033","0.6199651916477391","3"
"0.280505607381033","0.6199651916477391","3"
"0.280505607381033","0.6199651916477391","3"
"0.280505607381033","0.6199651916477391","3"
"0.280505607381033","0.6199651916477391","3"
"0.280505607381033","0.6199651916477391","3"
"0.280505607381033","0.6199651916477391","3"
"0.280505607381033","0.6199651916477391","3"
"0.280505607381033","0.6199651916477391","3"
"0.280505607381033","0.6199651916477391","3"
"0.280505607381033","0.6199651916477391","3"
"0.280505607381033","0.6199651916477391","3"
"0.280505607381033","0.6199651916477391","3"
"0.280505607381033","0.6199651916477391","3"
"0.280505607381033","0.6199651916477391","3"
"0.280505607381033","0.6199651916477391","3"
"0.280505607381033","0.6199651916477391","3"
"0.280505607381033","0.6199651916477391","3"
"0.280505607381033","0.6199651916477391","3"
"0.280505607381033","0.6199651916477391","3"
"0.280505607381033","0.6199651916477391","3"
"0.280505607381033","0.6199651916477391","3"
"0.2389510447166721","0.7740150081690018","3"
"0.2389510447166721","0.7740150081690018","3"
"0.2781409585642789","0.534146949451634","3"
"0.12693940675708182","0.8499553901150771","3"
"0.2389874576549307","0.7662174834968511","3"
"0.2389874576549307","0.7662174834968511","3"
"0.2389874576549307","0.7662174834968511","3"
"0.2389874576549307","0.7662174834968511","3"
"0.2389874576549307","0.7662174834968511","3"
"0.2389874576549307","0.7662174834968511","3"
"0.2389874576549307","0.7662174834968511","3"
"0.2389874576549307","0.7662174834968511","3"
"0.2389874576549307","0.7662174834968511","3"
"0.2389874576549307","0.7662174834968511","3"
"0.2389874576549307","0.7662174834968511","3"
"0.2389874576549307","0.7662174834968511","3"
"0.2389874576549307","0.7662174834968511","3"
"0.2389874576549307","0.7662174834968511","3"
"0.2389874576549307","0.7662174834968511","3"
"0.2389874576549307","0.7662174834968511","3"
"0.2389874576549307","0.7662174834968511","3"
"0.2389874576549307","0.7662174834968511","3"
"0.2389874576549307","0.7662174834968511","3"
"0.2389874576549307","0.7662174834968511","3"
"0.2389874576549307","0.7662174834968511","3"
"0.2389874576549307","0.7662174834968511","3"
"0.2389874576549307","0.7662174834968511","3"
"0.2389874576549307","0.7662174834968511","3"
"0.2389874576549307","0.7662174834968511","3"
"0.2389874576549307","0.7662174834968511","3"
"0.2389874576549307","0.7662174834968511","3"
"0.2389874576549307","0.7662174834968511","3"
"0.2389874576549307","0.7662174834968511","3"
"0.2389874576549307","0.7662174834968511","3"
"0.0","0.0","2"
"0.0","0.0","2"
"0.0","0.0","2"
"0.0","0.0","2"
"0.9683037370576852","0.3176469690873851","1"
"0.9683037370576852","0.3176469690873851","1"
"0.9683037370576852","0.3176469690873851","1"
"0.9683037370576852","0.3176469690873851","1"
"0.9683037370576852","0.3176469690873851","1"
"0.9683037370576852","0.3176469690873851","1"
"0.9683037370576852","0.3176469690873851","1"
"0.9683037370576852","0.3176469690873851","1"
"0.9683037370576852","0.3176469690873851","1"
"0.9683037370576852","0.3176469690873851","1"
"0.9683037370576852","0.3176469690873851","1"
"0.9683037370576852","0.3176469690873851","1"
"0.9683037370576852","0.3176469690873851","1"
"0.9683037370576852","0.3176469690873851","1"
"0.9683037370576852","0.3176469690873851","1"
"0.9683037370576852","0.3176469690873851","1"
"0.9683037370576852","0.3176469690873851","1"
"0.9683037370576852","0.3176469690873851","1"
"0.9683037370576852","0.3176469690873851","1"
"0.9683037370576852","0.3176469690873851","1"
"0.9683037370576852","0.3176469690873851","1"
"0.9683037370576852","0.3176469690873851","1"
"0.9683037370576852","0.3176469690873851","1"
"0.9683037370576852","0.3176469690873851","1"
"0.9683037370576852","0.3176469690873851","1"
"0.9683037370576852","0.3176469690873851","1"
"0.9683037370576852","0.3176469690873851","1"
"0.9683037370576852","0.3176469690873851","1"
"0.9683037370576852","0.3176469690873851","1"
"0.9683037370576852","0.3176469690873851","1"
"0.98711944246937","0.2144081197085015","1"
"0.98711944246937","0.2144081197085015","1"
"0.5219592174153067","0.32707854434125594","1"
"0.8130898679747205","0.24870497486313223","1"
"0.5185427403036811","0.26956343211309","1"
"0.5185427403036811","0.26956343211309","1"
"0.5185427403036811","0.26956343211309","1"
"0.5185427403036811","0.26956343211309","1"
"0.5185427403036811","0.26956343211309","1"
"0.5185427403036811","0.26956343211309","1"
"0.5185427403036811","0.26956343211309","1"
"0.5185427403036811","0.26956343211309","1"
"0.5185427403036811","0.26956343211309","1"
"0.5185427403036811","0.26956343211309","1"
"0.5185427403036811","0.26956343211309","1"
"0.5185427403036811","0.26956343211309","1"
"0.5185427403036811","0.26956343211309","1"
"0.5185427403036811","0.26956343211309","1"
"0.5185427403036811","0.26956343211309","1"
"0.5185427403036811","0.26956343211309","1"
"0.5185427403036811","0.26956343211309","1"
"0.5185427403036811","0.26956343211309","1"
"0.5185427403036811","0.26956343211309","1"
"0.5185427403036811","0.26956343211309","1"
"0.5185427403036811","0.26956343211309","1"
"0.5185427403036811","0.26956343211309","1"
"0.5185427403036811","0.26956343211309","1"
"0.5185427403036811","0.26956343211309","1"
"0.5185427403036811","0.26956343211309","1"
"0.5185427403036811","0.26956343211309","1"
"0.5185427403036811","0.26956343211309","1"
"0.5185427403036811","0.26956343211309","1"
"0.5185427403036811","0.26956343211309","1"
"0.5185427403036811","0.26956343211309","1"
"0.7478828518416452","0.4018235478337763","1"
"0.7478828518416452","0.4018235478337763","1"
"0.6682511718068845","0.37569432006786185","1"
"0.8909909634846149","0.20022436527069631","1"
"0.7931441147875159","0.40049298286649027","1"
"0.7931441147875159","0.40049298286649027","1"
"0.7931441147875159","0.40049298286649027","1"
"0.7931441147875159","0.40049298286649027","1"
"0.7931441147875159","0.40049298286649027","1"
"0.7931441147875159","0.40049298286649027","1"
"0.7931441147875159","0.40049298286649027","1"
"0.7931441147875159","0.40049298286649027","1"
"0.7931441147875159","0.40049298286649027","1"
"0.7931441147875159","0.40049298286649027","1"
"0.7931441147875159","0.40049298286649027","1"
"0.7931441147875159","0.40049298286649027","1"
"0.7931441147875159","0.40049298286649027","1"
"0.7931441147875159","0.40049298286649027","1"
"0.7931441147875159","0.40049298286649027","1"
"0.7931441147875159","0.40049298286649027","1"
"0.7931441147875159","0.40049298286649027","1"
"0.7931441147875159","0.40049298286649027","1"
"0.7931441147875159","0.40049298286649027","1"
"0.7931441147875159","0.40049298286649027","1"
"0.7931441147875159","0.40049298286649027","1"
"0.7931441147875159","0.40049298286649027","1"
"0.7931441147875159","0.40049298286649027","1"
"0.7931441147875159","0.40049298286649027","1"
"0.7931441147875159","0.40049298286649027","1"
"0.7931441147875159","0.40049298286649027","1"
"0.7931441147875159","0.40049298286649027","1"
"0.7931441147875159","0.40049298286649027","1"
"0.7931441147875159","0.40049298286649027","1"
"0.7931441147875159","0.40049298286649027","1"
"0.5948412332139128","0.3103096827996452","1"
"0.5948412332139128","0.3103096827996452","1"
"0.9517352752697503","0.25315609175734644","1"
"0.8315707883493493","0.4535004854813375","1"
"0.6559821589708743","0.11032782596501889","1"
"0.6559821589708743","0.11032782596501889","1"
"0.6559821589708743","0.11032782596501889","1"
"0.6559821589708743","0.11032782596501889","1"
"0.6559821589708743","0.11032782596501889","1"
"0.6559821589708743","0.11032782596501889","1"
"0.6559821589708743","0.11032782596501889","1"
"0.6559821589708743","0.11032782596501889","1"
"0.6559821589708743","0.11032782596501889","1"
"0.6559821589708743","0.11032782596501889","1"
"0.6559821589708743","0.11032782596501889","1"
"0.6559821589708743","0.11032782596501889","1"
"0.6559821589708743","0.11032782596501889","1"
"0.6559821589708743","0.11032782596501889","1"
"0.6559821589708743","0.11032782596501889","1"
"0.6559821589708743","0.11032782596501889","1"
"0.6559821589708743","0.11032782596501889","1"
"0.6559821589708743","0.11032782596501889","1"
"0.6559821589708743","0.11032782596501889","1"
"0.6559821589708743","0.11032782596501889","1"
"0.6559821589708743","0.11032782596501889","1"
"0.6559821589708743","0.11032782596501889","1"
"0.6559821589708743","0.11032782596501889","1"
"0.6559821589708743","0.11032782596501889","1"
"0.6559821589708743","0.11032782596501889","1"
"0.6559821589708743","0.11032782596501889","1"
"0.6559821589708743","0.11032782596501889","1"
"0.6559821589708743","0.11032782596501889","1"
"0.6559821589708743","0.11032782596501889","1"
"0.6559821589708743","0.11032782596501889","1"
"0.7672626987322811","0.20270594023047084","1"
"0.7672626987322811","0.20270594023047084","1"
"0.7303379701992642","0.8928955285325326","2"
"0.9396632703136684","0.7869812069419115","2"
"0.5684119750711802","0.7276072072857518","2"
"0.5684119750711802","0.7276072072857518","2"
"0.5684119750711802","0.7276072072857518","2"
"0.5684119750711802","0.7276072072857518","2"
"0.5684119750711802","0.7276072072857518","2"
"0.5684119750711802","0.7276072072857518","2"
"0.5684119750711802","0.7276072072857518","2"
"0.5684119750711802","0.7276072072857518","2"
"0.5684119750711802","0.7276072072857518","2"
"0.5684119750711802","0.7276072072857518","2"
"0.5684119750711802","0.7276072072857518","2"
"0.5684119750711802","0.7276072072857518","2"
"0.5684119750711802","0.7276072072857518","2"
"0.5684119750711802","0.7276072072857518","2"
"0.5684119750711802","0.7276072072857518","2"
"0.5684119750711802","0.7276072072857518","2"
"0.5684119750711802","0.7276072072857518","2"
"0.5684119750711802","0.7276072072857518","2"
"0.5684119750711802","0.7276072072857518","2"
"0.5684119750711802","0.7276072072857518","2"
"0.5684119750711802","0.7276072072857518","2"
"0.5684119750711802","0.7276072072857518","2"
"0.5684119750711802","0.7276072072857518","2"
"0.5684119750711802","0.7276072072857518","2"
"0.5684119750711802","0.7276072072857518","2"
"0.5684119750711802","0.7276072072857518","2"
"0.5684119750711802","0.7276072072857518","2"
"0.5684119750711802","0.7276072072857518","2"
"0.5684119750711802","0.7276072072857518","2"
"0.5684119750711802","0.7276072072857518","2"
"0.5608518041726989","0.8172970090354853","2"
"0.5608518041726989","0.8172970090354853","2"
"0.5704123065198294","0.8905046508944557","2"
"0.618931165903764","0.6366529688424271","2"
"0.6707093844106365","0.8106373639589699","2"
"0.6707093844106365","0.8106373639589699","2"
"0.6707093844106365","0.8106373639589699","2"
"0.6707093844106365","0.8106373639589699","2"
"0.6707093844106365","0.8106373639589699","2"
"0.6707093844106365","0.8106373639589699","2"
"0.6707093844106365","0.8106373639589699","2"
"0.6707093844106365","0.8106373639589699","2"
"0.6707093844106365","0.8106373639589699","2"
"0.6707093844106365","0.8106373639589699","2"
"0.6707093844106365","0.8106373639589699","2"
"0.6707093844106365","0.8106373639589699","2"
"0.6707093844106365","0.8106373639589699","2"
"0.6707093844106365","0.8106373639589699","2"
"0.6707093844106365","0.8106373639589699","2"
"0.6707093844106365","0.8106373639589699","2"
"0.6707093844106365","0.8106373639589699","2"
"0.6707093844106365","0.8106373639589699","2"
"0.6707093844106365","0.8106373639589699","2"
"0.6707093844106365","0.8106373639589699","2"
"0.6707093844106365","0.8106373639589699","2"
"0.6707093844106365","0.8106373639589699","2"
"0.6707093844106365","0.8106373639589699","2"
"0.6707093844106365","0.8106373639589699","2"
"0.6707093844106365","0.8106373639589699","2"
"0.6707093844106365","0.8106373639589699","2"
"0.6707093844106365","0.8106373639589699","2"
"0.6707093844106365","0.8106373639589699","2"
"0.6707093844106365","0.8106373639589699","2"
"0.6707093844106365","0.8106373639589699","2"
"0.9068831729600184","0.9743110513828773","2"
"0.9068831729600184","0.9743110513828773","2"
"0.6618229440168202","0.5593937390306016","2"
"0.804889526500032","0.6769421854530969","2"
"0.6370676700927151","0.5072655150463623","2"
"0.6370676700927151","0.5072655150463623","2"
"0.6370676700927151","0.5072655150463623","2"
"0.6370676700927151","0.5072655150463623","2"
"0.6370676700927151","0.5072655150463623","2"
"0.6370676700927151","0.5072655150463623","2"
"0.6370676700927151","0.5072655150463623","2"
"0.6370676700927151","0.5072655150463623","2"
"0.6370676700927151","0.5072655150463623","2"
"0.6370676700927151","0.5072655150463623","2"
"0.6370676700927151","0.5072655150463623","2"
"0.6370676700927151","0.5072655150463623","2"
"0.6370676700927151","0.5072655150463623","2"
"0.6370676700927151","0.5072655150463623","2"
"0.6370676700927151","0.5072655150463623","2"
"0.6370676700927151","0.5072655150463623","2"
"0.6370676700927151","0.5072655150463623","2"
"0.6370676700927151","0.5072655150463623","2"
"0.6370676700927151","0.5072655150463623","2"
"0.6370676700927151","0.5072655150463623","2"
"0.6370676700927151","0.5072655150463623","2"
"0.6370676700927151","0.5072655150463623","2"
"0.6370676700927151","0.5072655150463623","2"
"0.6370676700927151","0.5072655150463623","2"
"0.6370676700927151","0.5072655150463623","2"
"0.6370676700927151","0.5072655150463623","2"
"0.6370676700927151","0.5072655150463623","2"
"0.6370676700927151","0.5072655150463623","2"
"0.6370676700927151","0.5072655150463623","2"
"0.6370676700927151","0.5072655150463623","2"
"0.2350075822327106","0.9650281420970391","3"
"0.2350075822327106","0.9650281420970391","3"
"0.2910615421683319","0.9126502124207724","3"
"0.28731543558023054","0.8243076512532455","3"
"0.21917727282769928","0.8606528703154698","3"
"0.21917727282769928","0.8606528703154698","3"
"0.21917727282769928","0.8606528703154698","3"
"0.21917727282769928","0.8606528703154698","3"
"0.21917727282769928","0.8606528703154698","3"
"0.21917727282769928","0.8606528703154698","3"
"0.21917727282769928","0.8606528703154698","3"
"0.21917727282769928","0.8606528703154698","3"
"0.21917727282769928","0.8606528703154698","3"
"0.21917727282769928","0.8606528703154698","3"
"0.21917727282769928","0.8606528703154698","3"
"0.21917727282769928","0.8606528703154698","3"
"0.21917727282769928","0.8606528703154698","3"
"0.21917727282769928","0.8606528703154698","3"
"0.21917727282769928","0.8606528703154698","3"
"0.21917727282769928","0.8606528703154698","3"
"0.21917727282769928","0.8606528703154698","3"
"0.21917727282769928","0.8606528703154698","3"
"0.21917727282769928","0.8606528703154698","3"
"0.21917727282769928","0.8606528703154698","3"
"0.21917727282769928","0.8606528703154698","3"
"0.21917727282769928","0.8606528703154698","3"
"0.21917727282769928","0.8606528703154698","3"
"0.21917727282769928","0.8606528703154698","3"
"0.21917727282769928","0.8606528703154698","3"
"0.21917727282769928","0.8606528703154698","3"
"0.21917727282769928","0.8606528703154698","3"
"0.21917727282769928","0.8606528703154698","3"
"0.21917727282769928","0.8606528703154698","3"
"0.21917727282769928","0.8606528703154698","3"
"0.27650174745794553","0.9902674055166841","3"
"0.27650174745794553","0.9902674055166841","3"
"0.27213042781612473","0.5060976633856509","3"
"0.22026065570108216","0.5119193014026293","3"
"0.20889386940075866","0.765197784882224","3"
"0.20889386940075866","0.765197784882224","3"
"0.20889386940075866","0.765197784882224","3"
"0.20889386940075866","0.765197784882224","3"
"0.20889386940075866","0.765197784882224","3"
"0.20889386940075866","0.765197784882224","3"
"0.20889386940075866","0.765197784882224","3"
"0.20889386940075866","0.765197784882224","3"
"0.20889386940075866","0.765197784882224","3"
"0.20889386940075866","0.765197784882224","3"
"0.20889386940075866","0.765197784882224","3"
"0.20889386940075866","0.765197784882224","3"
"0.20889386940075866","0.765197784882224","3"
"0.20889386940075866","0.765197784882224","3"
"0.20889386940075866","0.765197784882224","3"
"0.20889386940075866","0.765197784882224","3"
"0.20889386940075866","0.765197784882224","3"
"0.20889386940075866","0.765197784882224","3"
"0.20889386940075866","0.765197784882224","3"
"0.20889386940075866","0.765197784882224","3"
"0.20889386940075866","0.765197784882224","3"
"0.20889386940075866","0.765197784882224","3"
"0.20889386940075866","0.765197784882224","3"
"0.20889386940075866","0.765197784882224","3"
"0.20889386940075866","0.765197784882224","3"
"0.20889386940075866","0.765197784882224","3"
"0.20889386940075866","0.765197784882224","3"
"0.20889386940075866","0.765197784882224","3"
"0.20889386940075866","0.765197784882224","3"
"0.20889386940075866","0.765197784882224","3"
"0.23465570206900968","0.9794350122669939","3"
"0.23465570206900968","0.9794350122669939","3"
"0.22621074774733949","0.506363096292815","3"
"0.19550637243163632","0.9236176050304141","3"
"0.2544335790684128","0.5851382014995632","3"
"0.2544335790684128","0.5851382014995632","3"
"0.2544335790684128","0.5851382014995632","3"
"0.2544335790684128","0.5851382014995632","3"
"0.2544335790684128","0.5851382014995632","3"
"0.2544335790684128","0.5851382014995632","3"
"0.2544335790684128","0.5851382014995632","3"
"0.2544335790684128","0.5851382014995632","3"
"0.2544335790684128","0.5851382014995632","3"
"0.2544335790684128","0.5851382014995632","3"
"0.2544335790684128","0.5851382014995632","3"
"0.2544335790684128","0.5851382014995632","3"
"0.2544335790684128","0.5851382014995632","3"
"0.2544335790684128","0.5851382014995632","3"
"0.2544335790684128","0.5851382014995632","3"
"0.2544335790684128","0.5851382014995632","3"
"0.2544335790684128","0.5851382014995632","3"
"0.2544335790684128","0.5851382014995632","3"
"0.2544335790684128","0.5851382014995632","3"
"0.2544335790684128","0.5851382014995632","3"
"0.2544335790684128","0.5851382014995632","3"
"0.2544335790684128","0.5851382014995632","3"
"0.2544335790684128","0.5851382014995632","3"
"0.2544335790684128","0.5851382014995632","3"
"0.2544335790684128","0.5851382014995632","3"
"0.2544335790684128","0.5851382014995632","3"
"0.2544335790684128","0.5851382014995632","3"
"0.2544335790684128","0.5851382014995632","3"
"0.2544335790684128","0.5851382014995632","3"
"0.2544335790684128","0.5851382014995632","3"
"0.19006696798930806","0.7192106121839155","3"
"0.19006696798930806","0.7192106121839155","3"
"0.19019719439149924","0.689178676829381","3"
"0.18847476078957542","0.8679109364663089","3"
"0.11358733439247676","0.5503982483880896","3"
"0.11358733439247676","0.5503982483880896","3"
"0.11358733439247676","0.5503982483880896","3"
"0.11358733439247676","0.5503982483880896","3"
"0.11358733439247676","0.5503982483880896","3"
"0.11358733439247676","0.5503982483880896","3"
"0.11358733439247676","0.5503982483880896","3"
"0.11358733439247676","0.5503982483880896","3"
"0.11358733439247676","0.5503982483880896","3"
"0.11358733439247676","0.5503982483880896","3"
"0.11358733439247676","0.5503982483880896","3"
"0.11358733439247676","0.5503982483880896","3"
"0.11358733439247676","0.5503982483880896","3"
"0.11358733439247676","0.5503982483880896","3"
"0.11358733439247676","0.5503982483880896","3"
"0.11358733439247676","0.5503982483880896","3"
"0.11358733439247676","0.5503982483880896","3"
"0.11358733439247676","0.5503982483880896","3"
"0.11358733439247676","0.5503982483880896","3"
"0.11358733439247676","0.5503982483880896","3"
"0.11358733439247676","0.5503982483880896","3"
"0.11358733439247676","0.5503982483880896","3"
"0.11358733439247676","0.5503982483880896","3"
"0.11358733439247676","0.5503982483880896","3"
"0.11358733439247676","0.5503982483880896","3"
"0.11358733439247676","0.5503982483880896","3"
"0.11358733439247676","0.5503982483880896","3"
"0.11358733439247676","0.5503982483880896","3"
"0.11358733439247676","0.5503982483880896","3"
"0.19377322155430649","0.8984234492256769","3"
"0.19377322155430649","0.8984234492256769","3"
"0.18776513113773186","0.7404148693126709","3"
"0.19150827993206654","0.6804310906572765","3"
"0.11247469774537873","0.7194189617036447","3"
"0.11247469774537873","0.7194189617036447","3"
"0.11247469774537873","0.7194189617036447","3"
"0.11247469774537873","0.7194189617036447","3"
"0.11247469774537873","0.7194189617036447","3"
"0.11247469774537873","0.7194189617036447","3"
"0.11247469774537873","0.7194189617036447","3"
"0.11247469774537873","0.7194189617036447","3"
"0.11247469774537873","0.7194189617036447","3"
"0.11247469774537873","0.7194189617036447","3"
"0.11247469774537873","0.7194189617036447","3"
"0.11247469774537873","0.7194189617036447","3"
"0.11247469774537873","0.7194189617036447","3"
"0.11247469774537873","0.7194189617036447","3"
"0.11247469774537873","0.7194189617036447","3"
"0.11247469774537873","0.7194189617036447","3"
"0.11247469774537873","0.7194189617036447","3"
"0.11247469774537873","0.7194189617036447","3"
"0.11247469774537873","0.7194189617036447","3"
"0.11247469774537873","0.7194189617036447","3"
"0.11247469774537873","0.7194189617036447","3"
"0.11247469774537873","0.7194189617036447","3"
"0.11247469774537873","0.7194189617036447","3"
"0.11247469774537873","0.7194189617036447","3"
"0.11247469774537873","0.7194189617036447","3"
"0.11247469774537873","0.7194189617036447","3"
"0.11247469774537873","0.7194189617036447","3"
"0.11247469774537873","0.7194189617036447","3"
"0.11247469774537873","0.7194189617036447","3"
"0.12223869847858304","0.8070174987984635","3"
"0.12223869847858304","0.8070174987984635","3"
"0.22367443555238387","0.77190795926874","3"
"0.10129461367949388","0.9908204639324503","3"
"0.12612975350892316","0.6992417585289596","3"
"0.12612975350892316","0.6992417585289596","3"
"0.12612975350892316","0.6992417585289596","3"
"0.12612975350892316","0.6992417585289596","3"
"0.12612975350892316","0.6992417585289596","3"
"0.12612975350892316","0.6992417585289596","3"
"0.12612975350892316","0.6992417585289596","3"
"0.12612975350892316","0.6992417585289596","3"
"0.12612975350892316","0.6992417585289596","3"
"0.12612975350892316","0.6992417585289596","3"
"0.12612975350892316","0.6992417585289596","3"
"0.12612975350892316","0.6992417585289596","3"
"0.12612975350892316","0.6992417585289596","3"
"0.12612975350892316","0.6992417585289596","3"
"0.12612975350892316","0.6992417585289596","3"
"0.12612975350892316","0.6992417585289596","3"
"0.12612975350892316","0.6992417585289596","3"
"0.12612975350892316","0.6992417585289596","3"
"0.12612975350892316","0.6992417585289596","3"
"0.12612975350892316","0.6992417585289596","3"
"0.12612975350892316","0.6992417585289596","3"
"0.12612975350892316","0.6992417585289596","3"
"0.12612975350892316","0.6992417585289596","3"
"0.12612975350892316","0.6992417585289596","3"
"0.12612975350892316","0.6992417585289596","3"
"0.12612975350892316","0.6992417585289596","3"
"0.12612975350892316","0.6992417585289596","3"
"0.12612975350892316","0.6992417585289596","3"
"0.12612975350892316","0.6992417585289596","3"
"0.18111620878715484","0.6075636398525648","3"
"0.18111620878715484","0.6075636398525648","3"
"0.1502735557729771","0.920256427269731","3"
"0.12184996250529428","0.8496516661166971","3"
"0.18202662809447892","0.5984775191384667","3"
"0.18202662809447892","0.5984775191384667","3"
"0.18202662809447892","0.5984775191384667","3"
"0.18202662809447892","0.5984775191384667","3"
"0.18202662809447892","0.5984775191384667","3"
"0.18202662809447892","0.5984775191384667","3"
"0.18202662809447892","0.5984775191384667","3"
"0.18202662809447892","0.5984775191384667","3"
"0.18202662809447892","0.5984775191384667","3"
"0.18202662809447892","0.5984775191384667","3"
"0.18202662809447892","0.5984775191384667","3"
"0.18202662809447892","0.5984775191384667","3"
"0.18202662809447892","0.5984775191384667","3"
"0.18202662809447892","0.5984775191384667","3"
"0.18202662809447892","0.5984775191384667","3"
"0.18202662809447892","0.5984775191384667","3"
"0.18202662809447892","0.5984775191384667","3"
"0.18202662809447892","0.5984775191384667","3"
"0.18202662809447892","0.5984775191384667","3"
"0.18202662809447892","0.5984775191384667","3"
"0.18202662809447892","0.5984775191384667","3"
"0.18202662809447892","0.5984775191384667","3"
"0.18202662809447892","0.5984775191384667","3"
"0.18202662809447892","0.5984775191384667","3"
"0.18202662809447892","0.5984775191384667","3"
"0.18202662809447892","0.5984775191384667","3"
"0.18202662809447892","0.5984775191384667","3"
"0.18202662809447892","0.5984775191384667","3"
"0.18202662809447892","0.5984775191384667","3"
"0.11679315464825515","0.9647907479982081","3"
"0.11679315464825515","0.9647907479982081","3"
"0.2888000978071554","0.6968348934358808","3"
"0.2964968680987302","0.9267129136726417","3"
"0.29155929796066815","0.6445104065975134","3"
"0.29155929796066815","0.6445104065975134","3"
"0.29155929796066815","0.6445104065975134","3"
"0.29155929796066815","0.6445104065975134","3"
"0.29155929796066815","0.6445104065975134","3"
"0.29155929796066815","0.6445104065975134","3"
"0.29155929796066815","0.6445104065975134","3"
"0.29155929796066815","0.6445104065975134","3"
"0.29155929796066815","0.6445104065975134","3"
"0.29155929796066815","0.6445104065975134","3"
"0.29155929796066815","0.6445104065975134","3"
"0.29155929796066815","0.6445104065975134","3"
"0.29155929796066815","0.6445104065975134","3"
"0.29155929796066815","0.6445104065975134","3"
"0.29155929796066815","0.6445104065975134","3"
"0.29155929796066815","0.6445104065975134","3"
"0.29155929796066815","0.6445104065975134","3"
"0.29155929796066815","0.6445104065975134","3"
"0.29155929796066815","0.6445104065975134","3"
"0.29155929796066815","0.6445104065975134","3"
"0.29155929796066815","0.6445104065975134","3"
"0.29155929796066815","0.6445104065975134","3"
"0.29155929796066815","0.6445104065975134","3"
"0.29155929796066815","0.6445104065975134","3"
"0.29155929796066815","0.6445104065975134","3"
"0.29155929796066815","0.6445104065975134","3"
"0.29155929796066815","0.6445104065975134","3"
"0.29155929796066815","0.6445104065975134","3"
"0.29155929796066815","0.6445104065975134","3"
"0.18078268153657612","0.838818917433415","3"
"0.18078268153657612","0.838818917433415","3"
"0.1036582130591432","0.6575270993137172","3"
"0.19890925863035563","0.6090095303832899","3"
"0.10646815716399792","0.9989284428565219","3"
"0.10646815716399792","0.9989284428565219","3"
"0.10646815716399792","0.9989284428565219","3"
"0.10646815716399792","0.9989284428565219","3"
"0.10646815716399792","0.9989284428565219","3"
"0.10646815716399792","0.9989284428565219","3"
"0.10646815716399792","0.9989284428565219","3"
"0.10646815716399792","0.9989284428565219","3"
"0.10646815716399792","0.9989284428565219","3"
"0.10646815716399792","0.9989284428565219","3"
"0.10646815716399792","0.9989284428565219","3"
"0.10646815716399792","0.9989284428565219","3"
"0.10646815716399792","0.9989284428565219","3"
"0.10646815716399792","0.9989284428565219","3"
"0.10646815716399792","0.9989284428565219","3"
"0.10646815716399792","0.9989284428565219","3"
"0.10646815716399792","0.9989284428565219","3"
"0.10646815716399792","0.9989284428565219","3"
"0.10646815716399792","0.9989284428565219","3"
"0.10646815716399792","0.9989284428565219","3"
"0.10646815716399792","0.9989284428565219","3"
"0.10646815716399792","0.9989284428565219","3"
"0.10646815716399792","0.9989284428565219","3"
"0.10646815716399792","0.9989284428565219","3"
"0.10646815716399792","0.9989284428565219","3"
"0.10646815716399792","0.9989284428565219","3"
"0.10646815716399792","0.9989284428565219","3"
"0.10646815716399792","0.9989284428565219","3"
"0.10646815716399792","0.9989284428565219","3"
"0.15436667649583202","0.6647706780917013","3"
"0.15436667649583202","0.6647706780917013","3"
"0.10857828093102798","0.9053982416530948","3"
"0.10414147345828582","0.9910866566715943","3"
"0.15944537869644534","0.5355198408756507","3"
"0.15944537869644534","0.5355198408756507","3"
"0.15944537869644534","0.5355198408756507","3"
"0.15944537869644534","0.5355198408756507","3"
"0.15944537869644534","0.5355198408756507","3"
"0.15944537869644534","0.5355198408756507","3"
"0.15944537869644534","0.5355198408756507","3"
"0.15944537869644534","0.5355198408756507","3"
"0.15944537869644534","0.5355198408756507","3"
"0.15944537869644534","0.5355198408756507","3"
"0.15944537869644534","0.5355198408756507","3"
"0.15944537869644534","0.5355198408756507","3"
"0.15944537869644534","0.5355198408756507","3"
"0.15944537869644534","0.5355198408756507","3"
"0.15944537869644534","0.5355198408756507","3"
"0.15944537869644534","0.5355198408756507","3"
"0.15944537869644534","0.5355198408756507","3"
"0.15944537869644534","0.5355198408756507","3"
"0.15944537869644534","0.5355198408756507","3"
"0.15944537869644534","0.5355198408756507","3"
"0.15944537869644534","0.5355198408756507","3"
"0.15944537869644534","0.5355198408756507","3"
"0.15944537869644534","0.5355198408756507","3"
"0.15944537869644534","0.5355198408756507","3"
"0.15944537869644534","0.5355198408756507","3"
"0.15944537869644534","0.5355198408756507","3"
"0.15944537869644534","0.5355198408756507","3"
"0.15944537869644534","0.5355198408756507","3"
"0.15944537869644534","0.5355198408756507","3"
"0.2875346603162082","0.5679817944560166","3"
"0.2875346603162082","0.5679817944560166","3"
"0.15296409756310808","0.6937876773599416","3"
"0.24142781798492816","0.9349904852281232","3"
"0.25369356970300266","0.7699122974902779","3"
"0.25369356970300266","0.7699122974902779","3"
"0.25369356970300266","0.7699122974902779","3"
"0.25369356970300266","0.7699122974902779","3"
"0.25369356970300266","0.7699122974902779","3"
"0.25369356970300266","0.7699122974902779","3"
"0.25369356970300266","0.7699122974902779","3"
"0.25369356970300266","0.7699122974902779","3"
"0.25369356970300266","0.7699122974902779","3"
"0.25369356970300266","0.7699122974902779","3"
"0.25369356970300266","0.7699122974902779","3"
"0.25369356970300266","0.7699122974902779","3"
"0.25369356970300266","0.7699122974902779","3"
"0.25369356970300266","0.7699122974902779","3"
"0.25369356970300266","0.7699122974902779","3"
"0.25369356970300266","0.7699122974902779","3"
"0.25369356970300266","0.7699122974902779","3"
"0.25369356970300266","0.7699122974902779","3"
"0.25369356970300266","0.7699122974902779","3"
"0.25369356970300266","0.7699122974902779","3"
"0.25369356970300266","0.7699122974902779","3"
"0.25369356970300266","0.7699122974902779","3"
"0.25369356970300266","0.7699122974902779","3"
"0.25369356970300266","0.7699122974902779","3"
"0.25369356970300266","0.7699122974902779","3"
"0.25369356970300266","0.7699122974902779","3"
"0.25369356970300266","0.7699122974902779","3"
"0.25369356970300266","0.7699122974902779","3"
"0.25369356970300266","0.7699122974902779","3"
"0.24221903444190415","0.6286318559512301","3"
"0.24221903444190415","0.6286318559512301","3"
"0.18861436284615257","0.7070362648368872","3"
"0.29027984081325753","0.6848613650366214","3"
"0.2208268301640811","0.8716543313577033","3"
"0.2208268301640811","0.8716543313577033","3"
"0.2208268301640811","0.8716543313577033","3"
"0.2208268301640811","0.8716543313577033","3"
"0.2208268301640811","0.8716543313577033","3"
"0.2208268301640811","0.8716543313577033","3"
"0.2208268301640811","0.8716543313577033","3"
"0.2208268301640811","0.8716543313577033","3"
"0.2208268301640811","0.8716543313577033","3"
"0.2208268301640811","0.8716543313577033","3"
"0.2208268301640811","0.8716543313577033","3"
"0.2208268301640811","0.8716543313577033","3"
"0.2208268301640811","0.8716543313577033","3"
"0.2208268301640811","0.8716543313577033","3"
"0.2208268301640811","0.8716543313577033","3"
"0.2208268301640811","0.8716543313577033","3"
"0.2208268301640811","0.8716543313577033","3"
"0.2208268301640811","0.8716543313577033","3"
"0.2208268301640811","0.8716543313577033","3"
"0.2208268301640811","0.8716543313577033","3"
"0.2208268301640811","0.8716543313577033","3"
"0.2208268301640811","0.8716543313577033","3"
"0.2208268301640811","0.8716543313577033","3"
"0.2208268301640811","0.8716543313577033","3"
"0.2208268301640811","0.8716543313577033","3"
"0.2208268301640811","0.8716543313577033","3"
"0.2208268301640811","0.8716543313577033","3"
"0.2208268301640811","0.8716543313577033","3"
"0.2208268301640811","0.8716543313577033","3"
"0.2837150265824806","0.6145078583075994","3"
"0.2837150265824806","0.6145078583075994","3"
"0.24157213003280856","0.5265577682069644","3"
"0.1330693963578852","0.9973333579074808","3"
"0.13034045241043668","0.9535361970893357","3"
"0.13034045241043668","0.9535361970893357","3"
"0.13034045241043668","0.9535361970893357","3"
"0.13034045241043668","0.9535361970893357","3"
"0.13034045241043668","0.9535361970893357","3"
"0.13034045241043668","0.9535361970893357","3"
"0.13034045241043668","0.9535361970893357","3"
"0.13034045241043668","0.9535361970893357","3"
"0.13034045241043668","0.9535361970893357","3"
"0.13034045241043668","0.9535361970893357","3"
"0.13034045241043668","0.9535361970893357","3"
"0.13034045241043668","0.9535361970893357","3"
"0.13034045241043668","0.9535361970893357","3"
"0.13034045241043668","0.9535361970893357","3"
"0.13034045241043668","0.9535361970893357","3"
"0.13034045241043668","0.9535361970893357","3"
"0.13034045241043668","0.9535361970893357","3"
"0.13034045241043668","0.9535361970893357","3"
"0.13034045241043668","0.9535361970893357","3"
"0.13034045241043668","0.9535361970893357","3"
"0.13034045241043668","0.9535361970893357","3"
"0.13034045241043668","0.9535361970893357","3"
"0.13034045241043668","0.9535361970893357","3"
"0.13034045241043668","0.9535361970893357","3"
"0.13034045241043668","0.9535361970893357","3"
"0.13034045241043668","0.9535361970893357","3"
"0.13034045241043668","0.9535361970893357","3"
"0.13034045241043668","0.9535361970893357","3"
"0.13034045241043668","0.9535361970893357","3"
"0.11654249812568535","0.8542070797442158","3"
"0.11654249812568535","0.8542070797442158","3"
"0.126154521133149","0.8093406235298606","3"
"0.10372266306395271","0.9481499181501052","3"
"0.29695278144940535","0.8621070635241324","3"
"0.29695278144940535","0.8621070635241324","3"
"0.29695278144940535","0.8621070635241324","3"
"0.29695278144940535","0.8621070635241324","3"
"0.29695278144940535","0.8621070635241324","3"
"0.29695278144940535","0.8621070635241324","3"
"0.29695278144940535","0.8621070635241324","3"
"0.29695278144940535","0.8621070635241324","3"
"0.29695278144940535","0.8621070635241324","3"
"0.29695278144940535","0.8621070635241324","3"
"0.29695278144940535","0.8621070635241324","3"
"0.29695278144940535","0.8621070635241324","3"
"0.29695278144940535","0.8621070635241324","3"
"0.29695278144940535","0.8621070635241324","3"
"0.29695278144940535","0.8621070635241324","3"
"0.29695278144940535","0.8621070635241324","3"
"0.29695278144940535","0.8621070635241324","3"
"0.29695278144940535","0.8621070635241324","3"
"0.29695278144940535","0.8621070635241324","3"
"0.29695278144940535","0.8621070635241324","3"
"0.29695278144940535","0.8621070635241324","3"
"0.29695278144940535","0.8621070635241324","3"
"0.29695278144940535","0.8621070635241324","3"
"0.29695278144940535","0.8621070635241324","3"
"0.29695278144940535","0.8621070635241324","3"
"0.29695278144940535","0.8621070635241324","3"
"0.29695278144940535","0.8621070635241324","3"
"0.29695278144940535","0.8621070635241324","3"
"0.29695278144940535","0.8621070635241324","3"
"0.15531024395356643","0.956429327429186","3"
"0.15531024395356643","0.956429327429186","3"
"0.1379882742342285","0.9866544315195188","3"
"0.15033147046633313","0.5404075256120482","3"
"0.28876197034464113","0.9863897166148944","3"
"0.28876197034464113","0.9863897166148944","3"
"0.28876197034464113","0.9863897166148944","3"
"0.28876197034464113","0.9863897166148944","3"
"0.28876197034464113","0.9863897166148944","3"
"0.28876197034464113","0.9863897166148944","3"
"0.28876197034464113","0.9863897166148944","3"
"0.28876197034464113","0.9863897166148944","3"
"0.28876197034464113","0.9863897166148944","3"
"0.28876197034464113","0.9863897166148944","3"
"0.28876197034464113","0.9863897166148944","3"
"0.28876197034464113","0.9863897166148944","3"
"0.28876197034464113","0.9863897166148944","3"
"0.28876197034464113","0.9863897166148944","3"
